 [
	{
		"movenumber":1,
		"whitemove":"d4",
		"blackmove":"Nf6"
	},
	{
		"movenumber":2,
		"whitemove":"c4",
		"blackmove":"e6"
	},
	{
		"movenumber":3,
		"whitemove":"Nf3",
		"blackmove":"d5"
	},
	{
		"movenumber":4,
		"whitemove":"g3",
		"blackmove":"dxc4"
	},
	{
		"movenumber":5,
		"whitemove":"Bg2",
		"blackmove":"a6"
	},
	{
		"movenumber":6,
		"whitemove":"Ne5",
		"blackmove":"c5"
	},
	{
		"movenumber":7,
		"whitemove":"Na3",
		"blackmove":"cxd4"
	},
	{
		"movenumber":8,
		"whitemove":"Naxc4",
		"blackmove":"Bc5"
	},
	{
		"movenumber":9,
		"whitemove":"O-O",
		"blackmove":"O-O"
	},
	{
		"movenumber":10,
		"whitemove":"Bd2",
		"blackmove":"Nd5"
	},
	{
		"movenumber":11,
		"whitemove":"Rc1",
		"blackmove":"Nd7"
	},
	{
		"movenumber":12,
		"whitemove":"Nd3",
		"blackmove":"Ba7"
	},
	{
		"movenumber":13,
		"whitemove":"Ba5",
		"blackmove":"Qe7"
	},
	{
		"movenumber":14,
		"whitemove":"Qb3",
		"blackmove":"Rb8"
	},
	{
		"movenumber":15,
		"whitemove":"Qa3",
		"blackmove":"Qxa3"
	},
	{
		"movenumber":16,
		"whitemove":"bxa3",
		"blackmove":"N7f6"
	},
	{
		"movenumber":17,
		"whitemove":"Nce5",
		"blackmove":"Re8"
	},
	{
		"movenumber":18,
		"whitemove":"Rc2",
		"blackmove":"b6"
	},
	{
		"movenumber":19,
		"whitemove":"Bd2",
		"blackmove":"Bb7"
	},
	{
		"movenumber":20,
		"whitemove":"Rfc1",
		"blackmove":"Rbd8"
	},
	{
		"movenumber":21,
		"whitemove":"f4",
		"blackmove":"Bb8"
	},
	{
		"movenumber":22,
		"whitemove":"a4",
		"blackmove":"a5"
	},
	{
		"movenumber":23,
		"whitemove":"Nc6",
		"blackmove":"Bxc6"
	},
	{
		"movenumber":24,
		"whitemove":"Rxc6",
		"blackmove":"h5"
	},
	{
		"movenumber":25,
		"whitemove":"R1c4",
		"blackmove":"Ne3"
	},
	{
		"movenumber":26,
		"whitemove":"Bxe3",
		"blackmove":"dxe3"
	},
	{
		"movenumber":27,
		"whitemove":"Bf3",
		"blackmove":"g6"
	},
	{
		"movenumber":28,
		"whitemove":"Rxb6",
		"blackmove":"Ba7"
	},
	{
		"movenumber":29,
		"whitemove":"Rd3",
		"blackmove":"Rd4"
	},
	{
		"movenumber":30,
		"whitemove":"Rc7",
		"blackmove":"Bb8"
	},
	{
		"movenumber":31,
		"whitemove":"Rc5",
		"blackmove":"Bd6"
	},
	{
		"movenumber":32,
		"whitemove":"Rxa5",
		"blackmove":"Rc8"
	},
	{
		"movenumber":33,
		"whitemove":"Kg2",
		"blackmove":"Rc2"
	},
	{
		"movenumber":34,
		"whitemove":"a3",
		"blackmove":"Ra2"
	},
	{
		"movenumber":35,
		"whitemove":"Nb4",
		"blackmove":"Bxb4"
	},
	{
		"movenumber":36,
		"whitemove":"axb4",
		"blackmove":"Nd5"
	},
	{
		"movenumber":37,
		"whitemove":"b5",
		"blackmove":"Raxa4"
	},
	{
		"movenumber":38,
		"whitemove":"Rxa4",
		"blackmove":"Rxa4"
	},
	{
		"movenumber":39,
		"whitemove":"Bxd5",
		"blackmove":"exd5"
	},
	{
		"movenumber":40,
		"whitemove":"b6",
		"blackmove":"Ra8"
	},
	{
		"movenumber":41,
		"whitemove":"b7",
		"blackmove":"Rb8"
	},
	{
		"movenumber":42,
		"whitemove":"Kf3",
		"blackmove":"d4"
	},
	{
		"movenumber":43,
		"whitemove":"Ke4",
		"blackmove":"1-0"
	}
]